Sheet Name,Product Name,SKU,Size,Calories,Product Category,Product Type
A_US Core Beverage Nutrition,Caramel Apple Spice,155434,Kids,220,Apple Juice,CORE
A_US Core Beverage Nutrition,Caramel Apple Spice,155357,Short,220,Apple Juice,CORE
A_US Core Beverage Nutrition,Caramel Apple Spice,155358,Tall,310,Apple Juice,CORE
A_US Core Beverage Nutrition,Caramel Apple Spice,155359,Grande,380,Apple Juice,CORE
A_US Core Beverage Nutrition,Caramel Apple Spice,155360,Venti®,460,Apple Juice,CORE
E_US Fall LTO Beverage Nutrition,Apple Crisp Creme Frappuccno,11130850,Tall,280,Blended,NATIONAL LTO
E_US Fall LTO Beverage Nutrition,Apple Crisp Creme Frappuccno,11130851,Grande,400,Blended,NATIONAL LTO
E_US Fall LTO Beverage Nutrition,Apple Crisp Creme Frappuccno,11130852,Venti,470,Blended,NATIONAL LTO
E_US Fall LTO Beverage Nutrition,Apple Crisp Frappuccino,11130847,Tall,320,Blended,NATIONAL LTO
E_US Fall LTO Beverage Nutrition,Apple Crisp Frappuccino,11130848,Grande,460,Blended,NATIONAL LTO
E_US Fall LTO Beverage Nutrition,Apple Crisp Frappuccino,11130849,Venti,550,Blended,NATIONAL LTO
A_US Core Beverage Nutrition,Caramel Frappuccino® Blended Beverage,11002655,Tall,260,Blended,CORE
A_US Core Beverage Nutrition,Caramel Frappuccino® Blended Beverage,11002656,Grande,380,Blended,CORE
A_US Core Beverage Nutrition,Caramel Frappuccino® Blended Beverage,11002657,Venti®,470,Blended,CORE
A_US Core Beverage Nutrition,Caramel Ribbon Crunch Frappuccino® Blended Beverage,11029017,Tall,330,Blended,CORE
A_US Core Beverage Nutrition,Caramel Ribbon Crunch Frappuccino® Blended Beverage,11029018,Grande,470,Blended,CORE
A_US Core Beverage Nutrition,Caramel Ribbon Crunch Frappuccino® Blended Beverage,11029019,Venti®,570,Blended,CORE
A_US Core Beverage Nutrition,Coffee Frappuccino® Blended Beverage,11002659,Tall,160,Blended,CORE
A_US Core Beverage Nutrition,Coffee Frappuccino® Blended Beverage,11002660,Grande,230,Blended,CORE
A_US Core Beverage Nutrition,Coffee Frappuccino® Blended Beverage,11002661,Venti®,310,Blended,CORE
A_US Core Beverage Nutrition,Double Chocolaty Chip Crème Frappuccino® Blended Beverage,11002677,Tall,290,Blended,CORE
A_US Core Beverage Nutrition,Double Chocolaty Chip Crème Frappuccino® Blended Beverage,11002678,Grande,410,Blended,CORE
A_US Core Beverage Nutrition,Double Chocolaty Chip Crème Frappuccino® Blended Beverage,11002679,Venti®,510,Blended,CORE
A_US Core Beverage Nutrition,Java Chip Frappuccino® Blended Beverage,182043,Tall,320,Blended,CORE
A_US Core Beverage Nutrition,Java Chip Frappuccino® Blended Beverage,182044,Grande,440,Blended,CORE
A_US Core Beverage Nutrition,Java Chip Frappuccino® Blended Beverage,182045,Venti®,560,Blended,CORE
A_US Core Beverage Nutrition,Matcha Green Tea Frappuccino® Blended Crème,011090004,Tall,300,Blended,CORE
A_US Core Beverage Nutrition,Matcha Green Tea Frappuccino® Blended Crème,11002680,Tall,300,Blended,CORE
A_US Core Beverage Nutrition,Matcha Green Tea Frappuccino® Blended Crème,011090013,Grande,420,Blended,CORE
A_US Core Beverage Nutrition,Matcha Green Tea Frappuccino® Blended Crème,011090017,Venti®,520,Blended,CORE
A_US Core Beverage Nutrition,Mocha Cookie Crumble Frappuccino® Blended Beverage,11020122,Tall,350,Blended,CORE
A_US Core Beverage Nutrition,Mocha Cookie Crumble Frappuccino® Blended Beverage,11020123,Grande,480,Blended,CORE
A_US Core Beverage Nutrition,Mocha Cookie Crumble Frappuccino® Blended Beverage,11020124,Venti®,590,Blended,CORE
A_US Core Beverage Nutrition,Mocha Frappuccino® Blended Beverage,11002668,Tall,250,Blended,CORE
A_US Core Beverage Nutrition,Mocha Frappuccino® Blended Beverage,11002669,Grande,370,Blended,CORE
A_US Core Beverage Nutrition,Mocha Frappuccino® Blended Beverage,11002670,Venti®,470,Blended,CORE
E_US Fall LTO Beverage Nutrition,Pumpkin Spice Frappuccino® Blended Beverage,11005210,Tall,290,Blended,NATIONAL LTO
E_US Fall LTO Beverage Nutrition,Pumpkin Spice Frappuccino® Blended Beverage,11005211,Grande,420,Blended,NATIONAL LTO
E_US Fall LTO Beverage Nutrition,Pumpkin Spice Frappuccino® Blended Beverage,11005212,Venti®,510,Blended,NATIONAL LTO
A_US Core Beverage Nutrition,Strawberry Frappuccino® Blended Beverage,11090844,Tall,250,Blended,CORE
A_US Core Beverage Nutrition,Strawberry Frappuccino® Blended Beverage,11090845,Grande,370,Blended,CORE
A_US Core Beverage Nutrition,Strawberry Frappuccino® Blended Beverage,11090846,Venti®,460,Blended,CORE
A_US Core Beverage Nutrition,Vanilla Bean Crème Frappuccino® Blended Beverage,11002689,Tall,260,Blended,CORE
A_US Core Beverage Nutrition,Vanilla Bean Crème Frappuccino® Blended Beverage,11002690,Grande,380,Blended,CORE
A_US Core Beverage Nutrition,Vanilla Bean Crème Frappuccino® Blended Beverage,11002691,Venti®,470,Blended,CORE
A_US Core Beverage Nutrition,Brewed Coffee (All Roasts),,Grande,5,Brewed Coffee,CORE
A_US Core Beverage Nutrition,Brewed Coffee (All Roasts),,Short,5,Brewed Coffee,CORE
A_US Core Beverage Nutrition,Brewed Coffee (All Roasts),,Tall,5,Brewed Coffee,CORE
A_US Core Beverage Nutrition,Brewed Coffee (All Roasts),,Venti®,5,Brewed Coffee,CORE
A_US Core Beverage Nutrition,Caffè Misto,90,Short,50,Brewed Coffee,CORE
A_US Core Beverage Nutrition,Caffè Misto,91,Tall,80,Brewed Coffee,CORE
A_US Core Beverage Nutrition,Caffè Misto,92,Grande,110,Brewed Coffee,CORE
A_US Core Beverage Nutrition,Caffè Misto,121968,Venti®,130,Brewed Coffee,CORE
A_US Core Beverage Nutrition,Cold Brew w/ Cinnamon Almondmilk Foam,11118512,Tall,30,Brewed Coffee,CORE
A_US Core Beverage Nutrition,Cold Brew w/ Cinnamon Almondmilk Foam,11118513,Grande,40,Brewed Coffee,CORE
A_US Core Beverage Nutrition,Cold Brew w/ Cinnamon Almondmilk Foam,11118514,Venti®,40,Brewed Coffee,CORE
A_US Core Beverage Nutrition,Cold Brew w/ Cinnamon Almondmilk Foam,11118782,Trenta,45,Brewed Coffee,CORE
A_US Core Beverage Nutrition,Cold Brew w/ Cinnamon Oatmilk Foam,11118518,Tall,40,Brewed Coffee,REGIONAL CORE
A_US Core Beverage Nutrition,Cold Brew w/ Cinnamon Oatmilk Foam,11118519,Grande,50,Brewed Coffee,REGIONAL CORE
A_US Core Beverage Nutrition,Cold Brew w/ Cinnamon Oatmilk Foam,11118520,Venti®,50,Brewed Coffee,REGIONAL CORE
A_US Core Beverage Nutrition,Cold Brew w/ Cinnamon Oatmilk Foam,11118784,Trenta,60,Brewed Coffee,REGIONAL CORE
A_US Core Beverage Nutrition,Cold Brew w/ Dark Cocoa Almondmilk Foam,11118515,Tall,30,Brewed Coffee,CORE
A_US Core Beverage Nutrition,Cold Brew w/ Dark Cocoa Almondmilk Foam,11118516,Grande,40,Brewed Coffee,CORE
A_US Core Beverage Nutrition,Cold Brew w/ Dark Cocoa Almondmilk Foam,11118517,Venti®,40,Brewed Coffee,CORE
A_US Core Beverage Nutrition,Cold Brew w/ Dark Cocoa Almondmilk Foam,11118783,Trenta,50,Brewed Coffee,CORE
A_US Core Beverage Nutrition,Cold Brew w/ Salted Honey Cold Foam,11116515,Tall,30,Brewed Coffee,CORE
A_US Core Beverage Nutrition,Cold Brew w/ Salted Honey Cold Foam,11116516,Grande,40,Brewed Coffee,CORE
A_US Core Beverage Nutrition,Cold Brew w/ Salted Honey Cold Foam,11116517,Venti®,40,Brewed Coffee,CORE
A_US Core Beverage Nutrition,Cold Brew w/ Salted Honey Cold Foam,11116518,Trenta,45,Brewed Coffee,CORE
A_US Core Beverage Nutrition,Cold Brewed Coffee,11044803,Grande,5,Brewed Coffee,CORE
A_US Core Beverage Nutrition,Cold Brewed Coffee,11044804,Tall,5,Brewed Coffee,CORE
A_US Core Beverage Nutrition,Cold Brewed Coffee,11044801,Trenta,5,Brewed Coffee,CORE
A_US Core Beverage Nutrition,Cold Brewed Coffee,11044802,Venti®,5,Brewed Coffee,CORE
A_US Core Beverage Nutrition,Honey Almondmilk Cold Brew,11124425,Tall,30,Brewed Coffee,CORE
A_US Core Beverage Nutrition,Honey Almondmilk Cold Brew,11124426,Grande,50,Brewed Coffee,CORE
A_US Core Beverage Nutrition,Honey Almondmilk Cold Brew,11124427,Venti®,80,Brewed Coffee,CORE
A_US Core Beverage Nutrition,Honey Almondmilk Cold Brew,,Trenta,100,Brewed Coffee,CORE
A_US Core Beverage Nutrition,Honey Almondmilk Nitro Cold Brew,11124535,Tall,30,Brewed Coffee,CORE
A_US Core Beverage Nutrition,Honey Almondmilk Nitro Cold Brew,11124537,Grande,50,Brewed Coffee,CORE
A_US Core Beverage Nutrition,Iced Coffee,106509,Tall,60,Brewed Coffee,CORE
A_US Core Beverage Nutrition,Iced Coffee,106510,Grande,80,Brewed Coffee,CORE
A_US Core Beverage Nutrition,Iced Coffee,144646,Venti®,120,Brewed Coffee,CORE
A_US Core Beverage Nutrition,Iced Coffee,11003148,Trenta,160,Brewed Coffee,CORE
A_US Core Beverage Nutrition,Iced Coffee (Vanilla or Caramel),,Tall,70,Brewed Coffee,CORE
A_US Core Beverage Nutrition,Iced Coffee (Vanilla or Caramel),,Grande,90,Brewed Coffee,CORE
A_US Core Beverage Nutrition,Iced Coffee (Vanilla or Caramel),,Venti®,130,Brewed Coffee,CORE
A_US Core Beverage Nutrition,Iced Coffee (Vanilla or Caramel),,Trenta,180,Brewed Coffee,CORE
A_US Core Beverage Nutrition,Nitro Cold Brew,,Grande,5,Brewed Coffee,CORE
A_US Core Beverage Nutrition,Nitro Cold Brew,,Tall,5,Brewed Coffee,CORE
A_US Core Beverage Nutrition,Nitro Cold Brew w/ Cinnamon Almondmilk Foam,11118523,Tall,35,Brewed Coffee,CORE
A_US Core Beverage Nutrition,Nitro Cold Brew w/ Cinnamon Almondmilk Foam,11118524,Grande,40,Brewed Coffee,CORE
A_US Core Beverage Nutrition,Nitro Cold Brew w/ Cinnamon Oatmilk Foam,11118530,Tall,40,Brewed Coffee,REGIONAL CORE
A_US Core Beverage Nutrition,Nitro Cold Brew w/ Cinnamon Oatmilk Foam,11118531,Grande,50,Brewed Coffee,REGIONAL CORE
A_US Core Beverage Nutrition,Nitro Cold Brew w/ Dark Cocoa Almondmilk Foam,11118526,Tall,30,Brewed Coffee,CORE
A_US Core Beverage Nutrition,Nitro Cold Brew w/ Dark Cocoa Almondmilk Foam,11118527,Grande,40,Brewed Coffee,CORE
A_US Core Beverage Nutrition,Nitro Cold Brew w/ Salted Honey Cold Foam,11116511,Tall,30,Brewed Coffee,CORE
A_US Core Beverage Nutrition,Nitro Cold Brew w/ Salted Honey Cold Foam,11116512,Grande,40,Brewed Coffee,CORE
E_US Fall LTO Beverage Nutrition,Pumpkin Cream Cold Brew,11109917,Tall,140,Brewed Coffee,NATIONAL LTO
E_US Fall LTO Beverage Nutrition,Pumpkin Cream Cold Brew,11109918,Grande,250,Brewed Coffee,NATIONAL LTO
E_US Fall LTO Beverage Nutrition,Pumpkin Cream Cold Brew,11109919,Venti®,310,Brewed Coffee,NATIONAL LTO
E_US Fall LTO Beverage Nutrition,Pumpkin Cream Cold Brew,11109920,Trenta,360,Brewed Coffee,NATIONAL LTO
A_US Core Beverage Nutrition,Salted Caramel Cream Cold Brew,11093429,Tall,160,Brewed Coffee,CORE
A_US Core Beverage Nutrition,Salted Caramel Cream Cold Brew,11093430,Grande,220,Brewed Coffee,CORE
A_US Core Beverage Nutrition,Salted Caramel Cream Cold Brew,11093441,Venti®,270,Brewed Coffee,CORE
A_US Core Beverage Nutrition,Salted Caramel Cream Cold Brew,11093452,Trenta,310,Brewed Coffee,CORE
A_US Core Beverage Nutrition,Salted Caramel Cream Nitro Cold Brew,11094129,Tall,160,Brewed Coffee,CORE
A_US Core Beverage Nutrition,Salted Caramel Cream Nitro Cold Brew,11094130,Grande,230,Brewed Coffee,CORE
A_US Core Beverage Nutrition,Vanilla Sweet Cream Cold Brew,11064127,Tall,90,Brewed Coffee,CORE
A_US Core Beverage Nutrition,Vanilla Sweet Cream Cold Brew,11064128,Grande,110,Brewed Coffee,CORE
A_US Core Beverage Nutrition,Vanilla Sweet Cream Cold Brew,11064129,Venti®,200,Brewed Coffee,CORE
A_US Core Beverage Nutrition,Vanilla Sweet Cream Cold Brew,,Trenta,220,Brewed Coffee,CORE
A_US Core Beverage Nutrition,Vanilla Sweet Cream Nitro Cold Brew,011077220,Grande,70,Brewed Coffee,CORE
A_US Core Beverage Nutrition,Vanilla Sweet Cream Nitro Cold Brew,011077209,Tall,70,Brewed Coffee,CORE
E_US Fall LTO Beverage Nutrition,Apple Crisp Macchiato,11130839,Short,140,Espresso,NATIONAL LTO
E_US Fall LTO Beverage Nutrition,Apple Crisp Macchiato,11130840,Tall,220,Espresso,NATIONAL LTO
E_US Fall LTO Beverage Nutrition,Apple Crisp Macchiato,11130841,Grande,300,Espresso,NATIONAL LTO
E_US Fall LTO Beverage Nutrition,Apple Crisp Macchiato,11130842,Venti®,370,Espresso,NATIONAL LTO
A_US Core Beverage Nutrition,Caffè Americano,93,Short,5,Espresso,CORE
A_US Core Beverage Nutrition,Caffè Americano,94,Tall,10,Espresso,CORE
A_US Core Beverage Nutrition,Caffè Americano,95,Grande,15,Espresso,CORE
A_US Core Beverage Nutrition,Caffè Americano,121969,Venti®,15,Espresso,CORE
A_US Core Beverage Nutrition,Caffè Latte,40,Short,100,Espresso,CORE
A_US Core Beverage Nutrition,Caffè Latte,41,Tall,150,Espresso,CORE
A_US Core Beverage Nutrition,Caffè Latte,42,Grande,190,Espresso,CORE
A_US Core Beverage Nutrition,Caffè Latte,121966,Venti®,250,Espresso,CORE
A_US Core Beverage Nutrition,Caffè Mocha,45,Short,200,Espresso,CORE
A_US Core Beverage Nutrition,Caffè Mocha,46,Tall,290,Espresso,CORE
A_US Core Beverage Nutrition,Caffè Mocha,47,Grande,370,Espresso,CORE
A_US Core Beverage Nutrition,Caffè Mocha,121967,Venti®,450,Espresso,CORE
A_US Core Beverage Nutrition,Cappuccino,000000037,Short,70,Espresso,CORE
A_US Core Beverage Nutrition,Cappuccino,000000038,Tall,100,Espresso,CORE
A_US Core Beverage Nutrition,Cappuccino,000000039,Grande,140,Espresso,CORE
A_US Core Beverage Nutrition,Cappuccino,000121971,Venti®,200,Espresso,CORE
A_US Core Beverage Nutrition,Caramel Macchiato,126196,Short,120,Espresso,CORE
A_US Core Beverage Nutrition,Caramel Macchiato,126197,Tall,190,Espresso,CORE
A_US Core Beverage Nutrition,Caramel Macchiato,126198,Grande,250,Espresso,CORE
A_US Core Beverage Nutrition,Caramel Macchiato,126199,Venti®,310,Espresso,CORE
A_US Core Beverage Nutrition,Cinnamon Dolce Latte,184540,Short,190,Espresso,CORE
A_US Core Beverage Nutrition,Cinnamon Dolce Latte,184541,Tall,270,Espresso,CORE
A_US Core Beverage Nutrition,Cinnamon Dolce Latte,184542,Grande,340,Espresso,CORE
A_US Core Beverage Nutrition,Cinnamon Dolce Latte,184543,Venti®,420,Espresso,CORE
A_US Core Beverage Nutrition,Coconutmilk Cascara Latte,11113633,Short,70,Espresso,CORE
A_US Core Beverage Nutrition,Coconutmilk Cascara Latte,11113634,Tall,100,Espresso,CORE
A_US Core Beverage Nutrition,Coconutmilk Cascara Latte,11113635,Grande,130,Espresso,CORE
A_US Core Beverage Nutrition,Coconutmilk Cascara Latte,11113636,Venti®,170,Espresso,CORE
A_US Core Beverage Nutrition,Coconutmilk Cascara Latte w/ Starbucks Blonde Espresso,11113734,Short,70,Espresso,CORE
A_US Core Beverage Nutrition,Coconutmilk Cascara Latte w/ Starbucks Blonde Espresso,11113735,Tall,100,Espresso,CORE
A_US Core Beverage Nutrition,Coconutmilk Cascara Latte w/ Starbucks Blonde Espresso,11113736,Grande,130,Espresso,CORE
A_US Core Beverage Nutrition,Coconutmilk Cascara Latte w/ Starbucks Blonde Espresso,11113737,Venti®,170,Espresso,CORE
A_US Core Beverage Nutrition,Espresso,20,Solo,5,Espresso,CORE
A_US Core Beverage Nutrition,Espresso,21,Doppio,10,Espresso,CORE
A_US Core Beverage Nutrition,Espresso,121982,Triple,15,Espresso,CORE
A_US Core Beverage Nutrition,Espresso,121983,Quad,20,Espresso,CORE
A_US Core Beverage Nutrition,Flat White,11047171,Short,110,Espresso,CORE
A_US Core Beverage Nutrition,Flat White,11047170,Tall,170,Espresso,CORE
A_US Core Beverage Nutrition,Flat White,11047169,Grande,220,Espresso,CORE
A_US Core Beverage Nutrition,Flat White,11047168,Venti®,290,Espresso,CORE
A_US Core Beverage Nutrition,Honey Almondmilk Latte,11113629,Short,80,Espresso,REGIONAL CORE
A_US Core Beverage Nutrition,Honey Almondmilk Latte,11113630,Tall,120,Espresso,REGIONAL CORE
A_US Core Beverage Nutrition,Honey Almondmilk Latte,11113631,Grande,170,Espresso,REGIONAL CORE
A_US Core Beverage Nutrition,Honey Almondmilk Latte,11113632,Venti®,210,Espresso,REGIONAL CORE
A_US Core Beverage Nutrition,Honey Flat White,11113625,Short,80,Espresso,CORE
A_US Core Beverage Nutrition,Honey Flat White,11113626,Tall,120,Espresso,CORE
A_US Core Beverage Nutrition,Honey Flat White,11113627,Grande,170,Espresso,CORE
A_US Core Beverage Nutrition,Honey Flat White,11113628,Venti®,210,Espresso,CORE
A_US Core Beverage Nutrition,Honey Latte,11113629,Short,140,Espresso,REGIONAL CORE
A_US Core Beverage Nutrition,Honey Latte,11113630,Tall,200,Espresso,REGIONAL CORE
A_US Core Beverage Nutrition,Honey Latte,11113631,Grande,270,Espresso,REGIONAL CORE
A_US Core Beverage Nutrition,Honey Latte,11113632,Venti®,360,Espresso,REGIONAL CORE
E_US Fall LTO Beverage Nutrition,Iced Apple Crisp Macchiato,11130843,Tall,210,Espresso,NATIONAL LTO
E_US Fall LTO Beverage Nutrition,Iced Apple Crisp Macchiato,11130844,Grande,280,Espresso,NATIONAL LTO
E_US Fall LTO Beverage Nutrition,Iced Apple Crisp Macchiato,11130845,Venti,380,Espresso,NATIONAL LTO
A_US Core Beverage Nutrition,Iced Blonde Vanilla Latte,11073452,Tall,140,Espresso,CORE
A_US Core Beverage Nutrition,Iced Blonde Vanilla Latte,11073453,Grande,190,Espresso,CORE
A_US Core Beverage Nutrition,Iced Blonde Vanilla Latte,11073454,Venti®,270,Espresso,CORE
A_US Core Beverage Nutrition,Iced Brown Sugar Oatmilk Shaken Espresso,011125525,Tall,90,Espresso,CORE
A_US Core Beverage Nutrition,Iced Brown Sugar Oatmilk Shaken Espresso,011125526,Grande,120,Espresso,CORE
A_US Core Beverage Nutrition,Iced Brown Sugar Oatmilk Shaken Espresso,011125527,Venti®,170,Espresso,CORE
A_US Core Beverage Nutrition,Iced Caffè Americano,110563,Tall,10,Espresso,CORE
A_US Core Beverage Nutrition,Iced Caffè Americano,110564,Grande,15,Espresso,CORE
A_US Core Beverage Nutrition,Iced Caffè Americano,144650,Venti®,15,Espresso,CORE
A_US Core Beverage Nutrition,Iced Caffè Latte,110569,Tall,100,Espresso,CORE
A_US Core Beverage Nutrition,Iced Caffè Latte,110570,Grande,130,Espresso,CORE
A_US Core Beverage Nutrition,Iced Caffè Latte,144648,Venti®,180,Espresso,CORE
A_US Core Beverage Nutrition,Iced Caramel Macchiato,155349,Tall,180,Espresso,CORE
A_US Core Beverage Nutrition,Iced Caramel Macchiato,155347,Grande,250,Espresso,CORE
A_US Core Beverage Nutrition,Iced Caramel Macchiato,155364,Venti®,350,Espresso,CORE
A_US Core Beverage Nutrition,Iced Chocolate Almondmilk Shaken Espresso,011125528,Tall,80,Espresso,CORE
A_US Core Beverage Nutrition,Iced Chocolate Almondmilk Shaken Espresso,011125526,Grande,110,Espresso,CORE
A_US Core Beverage Nutrition,Iced Chocolate Almondmilk Shaken Espresso,011125527,Venti®,150,Espresso,CORE
A_US Core Beverage Nutrition,Iced Classic Shaken Espresso,011125737,Tall,80,Espresso,CORE
A_US Core Beverage Nutrition,Iced Classic Shaken Espresso,011125738,Grande,100,Espresso,CORE
A_US Core Beverage Nutrition,Iced Classic Shaken Espresso,011125739,Venti®,160,Espresso,CORE
A_US Core Beverage Nutrition,Iced Coconutmilk Cascara Latte,11113988,Tall,70,Espresso,CORE
A_US Core Beverage Nutrition,Iced Coconutmilk Cascara Latte,11113989,Grande,90,Espresso,CORE
A_US Core Beverage Nutrition,Iced Coconutmilk Cascara Latte,11113990,Venti®,130,Espresso,CORE
A_US Core Beverage Nutrition,Iced Coconutmilk Cascara Latte w/ Starbucks Blonde Espresso,11113794,Tall,70,Espresso,CORE
A_US Core Beverage Nutrition,Iced Coconutmilk Cascara Latte w/ Starbucks Blonde Espresso,11113795,Grande,90,Espresso,CORE
A_US Core Beverage Nutrition,Iced Coconutmilk Cascara Latte w/ Starbucks Blonde Espresso,11113796,Venti®,130,Espresso,CORE
A_US Core Beverage Nutrition,Iced Honey Flat White,11113753,Tall,100,Espresso,CORE
A_US Core Beverage Nutrition,Iced Honey Flat White,11113754,Grande,140,Espresso,CORE
A_US Core Beverage Nutrition,Iced Honey Flat White,11113755,Venti®,200,Espresso,CORE
A_US Core Beverage Nutrition,Iced Honey Latte,11113980,Tall,160,Espresso,REGIONAL CORE
A_US Core Beverage Nutrition,Iced Honey Latte,11113981,Grande,210,Espresso,REGIONAL CORE
A_US Core Beverage Nutrition,Iced Honey Latte,11113982,Venti®,300,Espresso,REGIONAL CORE
E_US Fall LTO Beverage Nutrition,Iced Pumpkin Spice Latte,183889,Tall,270,Espresso,NATIONAL LTO
E_US Fall LTO Beverage Nutrition,Iced Pumpkin Spice Latte,183890,Grande,370,Espresso,NATIONAL LTO
E_US Fall LTO Beverage Nutrition,Iced Pumpkin Spice Latte,183891,Venti®,480,Espresso,NATIONAL LTO
A_US Core Beverage Nutrition,Iced Vanilla Latte,180376,Tall,140,Espresso,CORE
A_US Core Beverage Nutrition,Iced Vanilla Latte,180377,Grande,190,Espresso,CORE
A_US Core Beverage Nutrition,Iced Vanilla Latte,180378,Venti®,270,Espresso,CORE
A_US Core Beverage Nutrition,Iced White Chocolate Mocha,153120,Tall,310,Espresso,CORE
A_US Core Beverage Nutrition,Iced White Chocolate Mocha,153121,Grande,420,Espresso,CORE
A_US Core Beverage Nutrition,Iced White Chocolate Mocha,153122,Venti®,560,Espresso,CORE
E_US Fall LTO Beverage Nutrition,Pumpkin Spice Latte,183885,Short,210,Espresso,NATIONAL LTO
E_US Fall LTO Beverage Nutrition,Pumpkin Spice Latte,183886,Tall,300,Espresso,NATIONAL LTO
E_US Fall LTO Beverage Nutrition,Pumpkin Spice Latte,183887,Grande,390,Espresso,NATIONAL LTO
E_US Fall LTO Beverage Nutrition,Pumpkin Spice Latte,183888,Venti®,470,Espresso,NATIONAL LTO
A_US Core Beverage Nutrition,Vanilla Latte,177969,Short,130,Espresso,CORE
A_US Core Beverage Nutrition,Vanilla Latte,177970,Tall,200,Espresso,CORE
A_US Core Beverage Nutrition,Vanilla Latte,177972,Grande,250,Espresso,CORE
A_US Core Beverage Nutrition,Vanilla Latte,177973,Venti®,320,Espresso,CORE
A_US Core Beverage Nutrition,Vanilla Latte w/ Coconutmilk,177969,Short,100,Espresso,CORE
A_US Core Beverage Nutrition,Vanilla Latte w/ Coconutmilk,177970,Tall,160,Espresso,CORE
A_US Core Beverage Nutrition,Vanilla Latte w/ Coconutmilk,177972,Grande,210,Espresso,CORE
A_US Core Beverage Nutrition,Vanilla Latte w/ Coconutmilk,177973,Venti®,260,Espresso,CORE
A_US Core Beverage Nutrition,White Chocolate Mocha,148688,Short,230,Espresso,CORE
A_US Core Beverage Nutrition,White Chocolate Mocha,148689,Tall,340,Espresso,CORE
A_US Core Beverage Nutrition,White Chocolate Mocha,148690,Grande,430,Espresso,CORE
A_US Core Beverage Nutrition,White Chocolate Mocha,148691,Venti®,530,Espresso,CORE
A_US Core Beverage Nutrition,Hot Chocolate,128640,Short,190,Hot Chocolate,CORE
A_US Core Beverage Nutrition,Hot Chocolate,128641,Tall,280,Hot Chocolate,CORE
A_US Core Beverage Nutrition,Hot Chocolate,128642,Grande,370,Hot Chocolate,CORE
A_US Core Beverage Nutrition,Hot Chocolate,128643,Venti®,450,Hot Chocolate,CORE
A_US Core Beverage Nutrition,Almondmilk per 240 mL,,N/A,60,Modifier,CORE
A_US Core Beverage Nutrition,Almondmilk per 240 mL,,N/A,60,Modifier,CORE
A_US Core Beverage Nutrition,Coconutmilk per 240 mL,,N/A,80,Modifier,CORE
A_US Core Beverage Nutrition,Coconutmilk per 240 mL,,N/A,80,Modifier,CORE
A_US Core Beverage Nutrition,Espresso Shot,,N/A,5,Modifier,CORE
A_US Core Beverage Nutrition,Espresso Shot,,N/A,5,Modifier,CORE
A_US Core Beverage Nutrition,Flavor per Pump,,N/A,0-25,Modifier,CORE
A_US Core Beverage Nutrition,Flavor per Pump,,N/A,0-25,Modifier,CORE
A_US Core Beverage Nutrition,Oatmilk per 240 mL,,N/A,140,Modifier,REGIONAL CORE
A_US Core Beverage Nutrition,Soymilk per 240 mL,,N/A,130,Modifier,CORE
A_US Core Beverage Nutrition,Soymilk per 240 mL,,N/A,130,Modifier,CORE
A_US Core Beverage Nutrition,Dragon Drink,11094878,Tall,100,Refreshers,CORE
A_US Core Beverage Nutrition,Dragon Drink,11094879,Grande,130,Refreshers,CORE
A_US Core Beverage Nutrition,Dragon Drink,11094880,Venti®,190,Refreshers,CORE
A_US Core Beverage Nutrition,Dragon Drink,11094881,Trenta,270,Refreshers,CORE
A_US Core Beverage Nutrition,Kiwi Starfruit Refreshers™ Beverage,11112361,Tall,70,Refreshers,CORE
A_US Core Beverage Nutrition,Kiwi Starfruit Refreshers™ Beverage,11112365,Grande,90,Refreshers,CORE
A_US Core Beverage Nutrition,Kiwi Starfruit Refreshers™ Beverage,11112366,Venti®,130,Refreshers,CORE
A_US Core Beverage Nutrition,Kiwi Starfruit Refreshers™ Beverage,11112367,Trenta,180,Refreshers,CORE
A_US Core Beverage Nutrition,Kiwi Starfruit Refreshers™ Lemonade,11115921,Tall,110,Refreshers,CORE
A_US Core Beverage Nutrition,Kiwi Starfruit Refreshers™ Lemonade,11115922,Grande,140,Refreshers,CORE
A_US Core Beverage Nutrition,Kiwi Starfruit Refreshers™ Lemonade,11115923,Venti®,200,Refreshers,CORE
A_US Core Beverage Nutrition,Kiwi Starfruit Refreshers™ Lemonade,11115924,Trenta,270,Refreshers,CORE
A_US Core Beverage Nutrition,Mango Dragonfruit Refreshers™ Beverage,11090214,Tall,70,Refreshers,CORE
A_US Core Beverage Nutrition,Mango Dragonfruit Refreshers™ Beverage,11090215,Grande,90,Refreshers,CORE
A_US Core Beverage Nutrition,Mango Dragonfruit Refreshers™ Beverage,11090216,Venti®,130,Refreshers,CORE
A_US Core Beverage Nutrition,Mango Dragonfruit Refreshers™ Beverage,11090217,Trenta,180,Refreshers,CORE
A_US Core Beverage Nutrition,Mango Dragonfruit Refreshers™ Lemonade,11092430,Tall,110,Refreshers,CORE
A_US Core Beverage Nutrition,Mango Dragonfruit Refreshers™ Lemonade,11092431,Grande,140,Refreshers,CORE
A_US Core Beverage Nutrition,Mango Dragonfruit Refreshers™ Lemonade,11092432,Venti®,200,Refreshers,CORE
A_US Core Beverage Nutrition,Mango Dragonfruit Refreshers™ Lemonade,11092433,Trenta,280,Refreshers,CORE
A_US Core Beverage Nutrition,Pink Drink,,Tall,110,Refreshers,CORE
A_US Core Beverage Nutrition,Pink Drink,,Grande,140,Refreshers,CORE
A_US Core Beverage Nutrition,Pink Drink,,Venti®,200,Refreshers,CORE
A_US Core Beverage Nutrition,Pink Drink,,Trenta,270,Refreshers,CORE
A_US Core Beverage Nutrition,Star Drink,11112368,Tall,100,Refreshers,CORE
A_US Core Beverage Nutrition,Star Drink,11112369,Grande,130,Refreshers,CORE
A_US Core Beverage Nutrition,Star Drink,11112370,Venti®,190,Refreshers,CORE
A_US Core Beverage Nutrition,Star Drink,11112371,Trenta,260,Refreshers,CORE
A_US Core Beverage Nutrition,Strawberry Acai Starbucks Refreshers™ Beverage,,Tall,80,Refreshers,CORE
A_US Core Beverage Nutrition,Strawberry Acai Starbucks Refreshers™ Beverage,,Grande,100,Refreshers,CORE
A_US Core Beverage Nutrition,Strawberry Acai Starbucks Refreshers™ Beverage,,Venti®,140,Refreshers,CORE
A_US Core Beverage Nutrition,Strawberry Acai Starbucks Refreshers™ Beverage,,Trenta,190,Refreshers,CORE
A_US Core Beverage Nutrition,Strawberry Acai Starbucks Refreshers™ Lemonade,,Tall,110,Refreshers,CORE
A_US Core Beverage Nutrition,Strawberry Acai Starbucks Refreshers™ Lemonade,,Grande,140,Refreshers,CORE
A_US Core Beverage Nutrition,Strawberry Acai Starbucks Refreshers™ Lemonade,,Venti®,210,Refreshers,CORE
A_US Core Beverage Nutrition,Strawberry Acai Starbucks Refreshers™ Lemonade,,Trenta,290,Refreshers,CORE
A_US Core Beverage Nutrition,Very Berry Hibiscus Starbucks Refreshers™ Beverage,11008581,Tall,50,Refreshers,CORE
A_US Core Beverage Nutrition,Very Berry Hibiscus Starbucks Refreshers™ Beverage,11008582,Grande,70,Refreshers,CORE
A_US Core Beverage Nutrition,Very Berry Hibiscus Starbucks Refreshers™ Beverage,11008583,Venti®,90,Refreshers,CORE
A_US Core Beverage Nutrition,Very Berry Hibiscus Starbucks Refreshers™ Beverage,11015676,Trenta,130,Refreshers,CORE
A_US Core Beverage Nutrition,Very Berry Hibiscus Starbucks Refreshers™ Lemonade,11092426,Tall,90,Refreshers,CORE
A_US Core Beverage Nutrition,Very Berry Hibiscus Starbucks Refreshers™ Lemonade,11092427,Grande,120,Refreshers,CORE
A_US Core Beverage Nutrition,Very Berry Hibiscus Starbucks Refreshers™ Lemonade,11092428,Venti®,170,Refreshers,CORE
A_US Core Beverage Nutrition,Very Berry Hibiscus Starbucks Refreshers™ Lemonade,11092429,Trenta,230,Refreshers,CORE
A_US Core Beverage Nutrition,Chai Tea Latte,000135607,Short,120,Tea,CORE
A_US Core Beverage Nutrition,Chai Tea Latte,000135608,Tall,190,Tea,CORE
A_US Core Beverage Nutrition,Chai Tea Latte,000135609,Grande,240,Tea,CORE
A_US Core Beverage Nutrition,Chai Tea Latte,000135610,Venti®,310,Tea,CORE
A_US Core Beverage Nutrition,Honey Citrus Mint Tea,11079092,Short,60,Tea,CORE
A_US Core Beverage Nutrition,Honey Citrus Mint Tea,11079093,Tall,80,Tea,CORE
A_US Core Beverage Nutrition,Honey Citrus Mint Tea,11079094,Grande,130,Tea,CORE
A_US Core Beverage Nutrition,Honey Citrus Mint Tea,11079095,Venti®,150,Tea,CORE
A_US Core Beverage Nutrition,Hot Brewed Tea (All Flavors),,Grande,0-10,Tea,CORE
A_US Core Beverage Nutrition,Hot Brewed Tea (All Flavors),,Venti®,0-10,Tea,CORE
A_US Core Beverage Nutrition,Hot Brewed Tea (All Flavors),,Short,0-5,Tea,CORE
A_US Core Beverage Nutrition,Hot Brewed Tea (All Flavors),,Tall,0-5,Tea,CORE
A_US Core Beverage Nutrition,"Hot Brewed Tea (Royal English Breakfast Black, Emperor Clouds & Mist Green Tea, Mint Majesty Herbal Tea)",,Grande,0,Tea,CORE
A_US Core Beverage Nutrition,"Hot Brewed Tea (Royal English Breakfast Black, Emperor Clouds & Mist Green Tea, Mint Majesty Herbal Tea)",,Short,0,Tea,CORE
A_US Core Beverage Nutrition,"Hot Brewed Tea (Royal English Breakfast Black, Emperor Clouds & Mist Green Tea, Mint Majesty Herbal Tea)",,Tall,0,Tea,CORE
A_US Core Beverage Nutrition,"Hot Brewed Tea (Royal English Breakfast Black, Emperor Clouds & Mist Green Tea, Mint Majesty Herbal Tea)",,Venti®,0,Tea,CORE
A_US Core Beverage Nutrition,Iced Chai Tea Latte,135612,Tall,180,Tea,CORE
A_US Core Beverage Nutrition,Iced Chai Tea Latte,135613,Grande,240,Tea,CORE
A_US Core Beverage Nutrition,Iced Chai Tea Latte,144647,Venti®,350,Tea,CORE
A_US Core Beverage Nutrition,Iced Guava Passionfruit Coconutmilk Drink,11115314,Tall,140,Tea,CORE
A_US Core Beverage Nutrition,Iced Guava Passionfruit Coconutmilk Drink,11115315,Grande,190,Tea,CORE
A_US Core Beverage Nutrition,Iced Guava Passionfruit Coconutmilk Drink,11115316,Venti®,290,Tea,CORE
A_US Core Beverage Nutrition,Iced London Fog Tea Latte,11033068,Tall,100,Tea,CORE
A_US Core Beverage Nutrition,Iced London Fog Tea Latte,11033069,Grande,140,Tea,CORE
A_US Core Beverage Nutrition,Iced London Fog Tea Latte,11033070,Venti®,210,Tea,CORE
A_US Core Beverage Nutrition,Iced London Fog Tea Latte,,Trenta,260,Tea,CORE
A_US Core Beverage Nutrition,Iced Matcha Green Tea Latte,000195171,Tall,140,Tea,CORE
A_US Core Beverage Nutrition,Iced Matcha Green Tea Latte,000195173,Grande,200,Tea,CORE
A_US Core Beverage Nutrition,Iced Matcha Green Tea Latte,000195175,Venti®,280,Tea,CORE
A_US Core Beverage Nutrition,Iced Pineapple Matcha Coconutmilk Drink,11115292,Tall,130,Tea,CORE
A_US Core Beverage Nutrition,Iced Pineapple Matcha Coconutmilk Drink,11115293,Grande,170,Tea,CORE
A_US Core Beverage Nutrition,Iced Pineapple Matcha Coconutmilk Drink,11115294,Venti®,250,Tea,CORE
A_US Core Beverage Nutrition,Iced Royal English Breakfast Tea Latte,11033071,Tall,100,Tea,CORE
A_US Core Beverage Nutrition,Iced Royal English Breakfast Tea Latte,11033072,Grande,140,Tea,CORE
A_US Core Beverage Nutrition,Iced Royal English Breakfast Tea Latte,11033074,Venti®,210,Tea,CORE
A_US Core Beverage Nutrition,Iced Royal English Breakfast Tea Latte,,Trenta,260,Tea,CORE
A_US Core Beverage Nutrition,London Fog Tea Latte,11033056,Short,90,Tea,CORE
A_US Core Beverage Nutrition,London Fog Tea Latte,11033065,Tall,140,Tea,CORE
A_US Core Beverage Nutrition,London Fog Tea Latte,11033066,Grande,180,Tea,CORE
A_US Core Beverage Nutrition,London Fog Tea Latte,11033067,Venti®,230,Tea,CORE
A_US Core Beverage Nutrition,Matcha Green Tea Latte,000195169,Short,110,Tea,CORE
A_US Core Beverage Nutrition,Matcha Green Tea Latte,000195170,Tall,190,Tea,CORE
A_US Core Beverage Nutrition,Matcha Green Tea Latte,000195172,Grande,240,Tea,CORE
A_US Core Beverage Nutrition,Matcha Green Tea Latte,000195174,Venti®,320,Tea,CORE
A_US Core Beverage Nutrition,Royal English Breakfast Tea Latte,11033052,Short,80,Tea,CORE
A_US Core Beverage Nutrition,Royal English Breakfast Tea Latte,11033053,Tall,110,Tea,CORE
A_US Core Beverage Nutrition,Royal English Breakfast Tea Latte,11033054,Grande,150,Tea,CORE
A_US Core Beverage Nutrition,Royal English Breakfast Tea Latte,11033055,Venti®,190,Tea,CORE
A_US Core Beverage Nutrition,Teavana Iced Guava Black Tea,11115306,Tall,50,Tea,CORE
A_US Core Beverage Nutrition,Teavana Iced Guava Black Tea,11115307,Grande,70,Tea,CORE
A_US Core Beverage Nutrition,Teavana Iced Guava Black Tea,11115308,Venti®,100,Tea,CORE
A_US Core Beverage Nutrition,Teavana Iced Guava Black Tea,11115309,Trenta,130,Tea,CORE
A_US Core Beverage Nutrition,Teavana Iced Guava Black Tea Lemonade,011126342,Tall,70,Tea,CORE
A_US Core Beverage Nutrition,Teavana Iced Guava Black Tea Lemonade,011126343,Grande,90,Tea,CORE
A_US Core Beverage Nutrition,Teavana Iced Guava Black Tea Lemonade,011126345,Venti®,140,Tea,CORE
A_US Core Beverage Nutrition,Teavana Iced Guava Black Tea Lemonade,011126344,Trenta,180,Tea,CORE
A_US Core Beverage Nutrition,Teavana Iced Peach Green Tea,11105760,Tall,45,Tea,CORE
A_US Core Beverage Nutrition,Teavana Iced Peach Green Tea,11105761,Grande,60,Tea,CORE
A_US Core Beverage Nutrition,Teavana Iced Peach Green Tea,11105762,Venti®,90,Tea,CORE
A_US Core Beverage Nutrition,Teavana Iced Peach Green Tea,11105763,Trenta,120,Tea,CORE
A_US Core Beverage Nutrition,Teavana Iced Peach Green Tea Lemonade,11105756,Tall,60,Tea,CORE
A_US Core Beverage Nutrition,Teavana Iced Peach Green Tea Lemonade,11105757,Grande,80,Tea,CORE
A_US Core Beverage Nutrition,Teavana Iced Peach Green Tea Lemonade,11105758,Venti®,130,Tea,CORE
A_US Core Beverage Nutrition,Teavana Iced Peach Green Tea Lemonade,11105759,Trenta,170,Tea,CORE
A_US Core Beverage Nutrition,Teavana Shaken Iced Black Tea,11035108,Tall,0,Tea,CORE
A_US Core Beverage Nutrition,Teavana Shaken Iced Black Tea,11035110,Grande,0,Tea,CORE
A_US Core Beverage Nutrition,Teavana Shaken Iced Black Tea,11035112,Venti®,0,Tea,CORE
A_US Core Beverage Nutrition,Teavana Shaken Iced Black Tea,11035115,Trenta,0,Tea,CORE
A_US Core Beverage Nutrition,Teavana Shaken Iced Black Tea Lemonade,11035171,Tall,35,Tea,CORE
A_US Core Beverage Nutrition,Teavana Shaken Iced Black Tea Lemonade,11035175,Grande,50,Tea,CORE
A_US Core Beverage Nutrition,Teavana Shaken Iced Black Tea Lemonade,11035180,Venti®,70,Tea,CORE
A_US Core Beverage Nutrition,Teavana Shaken Iced Black Tea Lemonade,11035182,Trenta,90,Tea,CORE
A_US Core Beverage Nutrition,Teavana Shaken Iced Green Tea,11035160,Tall,0,Tea,CORE
A_US Core Beverage Nutrition,Teavana Shaken Iced Green Tea,11035161,Grande,0,Tea,CORE
A_US Core Beverage Nutrition,Teavana Shaken Iced Green Tea,11035163,Venti®,0,Tea,CORE
A_US Core Beverage Nutrition,Teavana Shaken Iced Green Tea,11035164,Trenta,0,Tea,CORE
A_US Core Beverage Nutrition,Teavana Shaken Iced Green Tea Lemonade,11035184,Tall,35,Tea,CORE
A_US Core Beverage Nutrition,Teavana Shaken Iced Green Tea Lemonade,11035185,Grande,50,Tea,CORE
A_US Core Beverage Nutrition,Teavana Shaken Iced Green Tea Lemonade,11035187,Venti®,70,Tea,CORE
A_US Core Beverage Nutrition,Teavana Shaken Iced Green Tea Lemonade,11035189,Trenta,90,Tea,CORE
A_US Core Beverage Nutrition,Teavana Shaken Iced Passion Tango Tea,11035166,Tall,0,Tea,CORE
A_US Core Beverage Nutrition,Teavana Shaken Iced Passion Tango Tea,11035167,Grande,0,Tea,CORE
A_US Core Beverage Nutrition,Teavana Shaken Iced Passion Tango Tea,11035168,Venti®,0,Tea,CORE
A_US Core Beverage Nutrition,Teavana Shaken Iced Passion Tango Tea,11035169,Trenta,0,Tea,CORE
A_US Core Beverage Nutrition,Teavana Shaken Iced Passion Tango Tea Lemonade,11035190,Tall,35,Tea,CORE
A_US Core Beverage Nutrition,Teavana Shaken Iced Passion Tango Tea Lemonade,11035191,Grande,50,Tea,CORE
A_US Core Beverage Nutrition,Teavana Shaken Iced Passion Tango Tea Lemonade,11035192,Venti®,70,Tea,CORE
A_US Core Beverage Nutrition,Teavana Shaken Iced Passion Tango Tea Lemonade,11035193,Trenta,90,Tea,CORE
