Product Name,SKU,Neighborhood Cafe,Uptown Cafe,Malls,Laptops And Lattes,East Coast High Elasticity,Heartland,Grassroots,Affluent,Seattle,Suburban Drive Thru,Residential Americana,Seattle Drive Thru,San Francisco,Seattle Premium,Tourist,West Coast High Elasticity,San Francisco Premium,New York City,West Coast Mid Elasticity,West Coast Low Elasticity,East Coast Mid Elasticity,East Coast Low Elasticity,New York City Premium,Alaska,Urban Living CN,Average Bear CN,Bay Street CN,Suburbia CN,New York City Tourist,Frontier CN,Frosty CN,Hawaii,Resort And Remote CN,Coffee House CN,Disney,New Orleans Food Hold Back Test,Ultra
,,,,,,,,,,,,,,,,,,,,,,,,,,,,,,,,,,,,,,
Almond Croissant,11112726,$3.45 ,$3.45 ,$3.45 ,$3.45 ,$3.45 ,$3.45 ,$3.45 ,$3.45 ,$3.95 ,$3.45 ,$3.45 ,$3.95 ,$3.95 ,$3.95 ,$3.75 ,$3.75 ,$3.95 ,$4.25 ,$3.75 ,$3.95 ,$3.95 ,$3.95 ,$4.25 ,$3.75 ,$3.75 ,$3.65 ,$3.75 ,$3.95 ,$4.25 ,$3.95 ,$3.65 ,$3.75 ,$3.65 ,$3.75 ,$3.75 ,$3.75 ,$5.55 
Avocado Spread,11059944,$1.25 ,$1.25 ,$1.25 ,$1.25 ,$1.25 ,$1.25 ,$1.25 ,$1.25 ,$1.25 ,$1.25 ,$1.25 ,$1.25 ,$1.25 ,$1.25 ,$1.25 ,$1.25 ,$1.25 ,$1.25 ,$1.25 ,$1.25 ,$1.25 ,$1.25 ,$1.45 ,$1.25 ,$1.50 ,$1.50 ,$1.50 ,$1.50 ,$1.45 ,$1.50 ,$1.50 ,$1.25 ,$1.50 ,$1.50 ,$1.25 ,$1.25 ,$1.95 
"Bacon, Gouda & Egg Breakfast Sandwich",11041858,$4.45 ,$4.45 ,$4.75 ,$4.45 ,$4.45 ,$4.45 ,$4.45 ,$4.45 ,$4.45 ,$4.45 ,$4.45 ,$4.75 ,$4.45 ,$4.45 ,$4.95 ,$4.45 ,$4.45 ,$4.95 ,$4.45 ,$4.75 ,$4.45 ,$4.45 ,$4.95 ,$4.95 ,$4.65 ,$4.95 ,$4.95 ,$4.95 ,$4.95 ,$4.95 ,$4.95 ,$4.95 ,$4.95 ,$4.95 ,$4.95 ,$4.25 ,$6.45 
Bacon & Gruyère Sous Vide Egg Bites,11105593,$4.65 ,$4.65 ,$4.75 ,$4.65 ,$4.65 ,$4.65 ,$4.65 ,$4.65 ,$4.95 ,$4.65 ,$4.65 ,$4.95 ,$4.95 ,$4.95 ,$4.95 ,$4.75 ,$4.95 ,$4.95 ,$4.75 ,$4.65 ,$4.95 ,$4.75 ,$4.95 ,$4.95 ,$4.95 ,$4.95 ,$4.95 ,$4.95 ,$4.95 ,$5.25 ,$4.95 ,$4.95 ,$4.95 ,$4.95 ,$4.95 ,$4.75 ,$6.45 
"Bacon, Sausage & Egg Wrap",11112214,$5.75 ,$5.75 ,$5.75 ,$5.75 ,$5.95 ,$5.75 ,$5.75 ,$5.75 ,$5.95 ,$5.75 ,$5.75 ,$5.95 ,$5.95 ,$5.95 ,$6.25 ,$5.95 ,$5.95 ,$5.95 ,$5.95 ,$5.95 ,$5.95 ,$5.95 ,$6.25 ,$5.95 ,$6.45 ,$6.45 ,$6.45 ,$6.45 ,$6.25 ,$6.45 ,$6.75 ,$5.95 ,$6.75 ,$6.45 ,$5.95 ,$5.75 ,$8.15 
Banana,191840,$1.25 ,$1.25 ,$1.25 ,$1.25 ,$1.25 ,$1.25 ,$1.25 ,$1.25 ,$1.25 ,$1.25 ,$1.25 ,$1.25 ,$1.25 ,$1.25 ,$1.25 ,$1.25 ,$1.25 ,$1.25 ,$1.25 ,$1.25 ,$1.25 ,$1.25 ,$1.25 ,$1.25 ,$1.00 ,$1.00 ,$1.00 ,$1.00 ,$1.25 ,$1.00 ,$1.00 ,$1.25 ,$1.00 ,$1.00 ,$1.25 ,$1.25 ,$1.65 
Banana Nut Loaf with Walnuts & Pecans,11039076,$3.25 ,$3.25 ,$3.25 ,$3.25 ,$3.25 ,$3.45 ,$3.45 ,$3.25 ,$3.25 ,$3.25 ,$3.25 ,$3.45 ,$3.25 ,$3.45 ,$3.25 ,$3.25 ,$3.45 ,$3.45 ,$3.25 ,$3.25 ,$3.25 ,$3.25 ,$3.45 ,$3.25 ,$3.45 ,$3.75 ,$3.75 ,$3.75 ,$3.65 ,$3.45 ,$3.45 ,$3.25 ,$3.45 ,$3.75 ,$3.25 ,$3.25 ,$4.75 
Banana Loaf,11077811,$3.25 ,$3.25 ,$3.25 ,$3.25 ,$3.25 ,$3.45 ,$3.45 ,$3.25 ,$3.25 ,$3.25 ,$3.25 ,$3.45 ,$3.25 ,$3.45 ,$3.25 ,$3.25 ,$3.45 ,$3.45 ,$3.25 ,$3.25 ,$3.25 ,$3.25 ,$3.45 ,$3.25 ,$3.45 ,$3.75 ,$3.75 ,$3.75 ,$3.65 ,$3.45 ,$3.45 ,$3.25 ,$3.45 ,$3.75 ,$3.25 ,$3.25 ,$4.75 
"Beyond Meat®, Cheddar & Egg Breakfast Sandwich",11112786,$0.00 ,$0.00 ,$0.00 ,$0.00 ,$0.00 ,$0.00 ,$0.00 ,$0.00 ,$0.00 ,$0.00 ,$0.00 ,$0.00 ,$0.00 ,$0.00 ,$0.00 ,$0.00 ,$0.00 ,$0.00 ,$0.00 ,$0.00 ,$0.00 ,$0.00 ,$0.00 ,$0.00 ,$5.95 ,$5.95 ,$5.95 ,$5.95 ,$0.00 ,$5.95 ,$5.95 ,$0.00 ,$5.95 ,$5.95 ,$0.00 ,$0.00 ,$0.00 
Birthday Cake Pop,11037822,$2.45 ,$2.45 ,$2.45 ,$2.45 ,$2.45 ,$2.45 ,$2.45 ,$2.45 ,$2.75 ,$2.45 ,$2.45 ,$2.75 ,$2.75 ,$2.75 ,$2.45 ,$2.45 ,$2.75 ,$2.75 ,$2.45 ,$2.45 ,$2.75 ,$2.75 ,$2.75 ,$2.45 ,$2.45 ,$2.45 ,$2.75 ,$2.75 ,$2.75 ,$2.45 ,$2.75 ,$2.45 ,$2.75 ,$2.75 ,$2.45 ,$2.25 ,$3.65 
Blueberry Muffin,11091159,$2.95 ,$2.95 ,$2.95 ,$2.95 ,$2.95 ,$2.95 ,$2.95 ,$2.95 ,$2.95 ,$2.75 ,$2.95 ,$2.95 ,$2.95 ,$2.95 ,$3.25 ,$2.95 ,$2.95 ,$3.25 ,$2.95 ,$2.95 ,$2.95 ,$2.95 ,$3.45 ,$3.25 ,$2.95 ,$2.95 ,$2.95 ,$2.95 ,$3.45 ,$2.95 ,$2.95 ,$3.25 ,$2.95 ,$2.95 ,$3.25 ,$2.75 ,$4.55 
Blueberry Muffin with Yogurt & Honey,11053916,$2.95 ,$2.95 ,$2.95 ,$2.95 ,$2.95 ,$2.95 ,$2.95 ,$2.95 ,$2.95 ,$2.75 ,$2.95 ,$2.95 ,$2.95 ,$2.95 ,$3.25 ,$2.95 ,$2.95 ,$3.25 ,$2.95 ,$2.95 ,$2.95 ,$2.95 ,$3.45 ,$3.25 ,$2.95 ,$2.95 ,$2.95 ,$2.95 ,$3.45 ,$2.95 ,$2.95 ,$3.25 ,$2.95 ,$2.95 ,$3.25 ,$2.75 ,$4.55 
Blueberry Oatmeal,11027789,$3.75 ,$3.75 ,$3.75 ,$3.75 ,$3.75 ,$3.75 ,$3.75 ,$3.75 ,$3.95 ,$3.75 ,$3.75 ,$3.95 ,$3.95 ,$3.95 ,$3.95 ,$3.75 ,$3.95 ,$3.95 ,$3.75 ,$3.75 ,$3.75 ,$3.75 ,$4.25 ,$3.95 ,$0.00 ,$0.00 ,$0.00 ,$0.00 ,$4.25 ,$0.00 ,$0.00 ,$3.95 ,$0.00 ,$0.00 ,$4.25 ,$3.75 ,$5.55 
Blueberry Scone,11085884,$2.95 ,$2.95 ,$2.95 ,$2.95 ,$2.75 ,$2.95 ,$2.95 ,$2.95 ,$2.95 ,$2.95 ,$2.95 ,$2.95 ,$2.95 ,$2.95 ,$3.25 ,$2.75 ,$2.95 ,$3.25 ,$2.95 ,$2.95 ,$2.95 ,$2.95 ,$3.25 ,$3.25 ,$2.95 ,$3.15 ,$2.95 ,$2.95 ,$3.45 ,$3.25 ,$3.25 ,$3.25 ,$3.15 ,$2.95 ,$3.25 ,$2.95 ,$4.55 
Butter Croissant,11083122,$2.95 ,$2.95 ,$2.95 ,$2.95 ,$2.95 ,$2.95 ,$2.95 ,$2.95 ,$3.45 ,$2.95 ,$2.95 ,$3.45 ,$3.45 ,$3.45 ,$3.25 ,$3.25 ,$3.45 ,$3.45 ,$3.25 ,$3.45 ,$3.25 ,$3.45 ,$3.75 ,$3.25 ,$3.25 ,$3.25 ,$3.25 ,$3.45 ,$3.75 ,$3.45 ,$3.25 ,$3.25 ,$3.25 ,$3.25 ,$3.25 ,$2.95 ,$4.95 
Cheese Danish,11083579,$3.25 ,$3.25 ,$3.25 ,$3.25 ,$3.25 ,$3.25 ,$3.25 ,$3.25 ,$3.25 ,$2.95 ,$3.25 ,$3.25 ,$3.25 ,$3.25 ,$3.25 ,$3.25 ,$3.45 ,$3.25 ,$3.25 ,$3.25 ,$3.25 ,$3.25 ,$3.45 ,$3.25 ,$2.95 ,$2.95 ,$2.95 ,$3.15 ,$3.45 ,$3.15 ,$3.15 ,$3.25 ,$3.15 ,$2.95 ,$3.25 ,$2.95 ,$4.55 
"Cheese, Onion & Garlic Bagel",11037687,$1.95 ,$1.95 ,$2.00 ,$1.95 ,$1.95 ,$1.95 ,$1.95 ,$1.95 ,$2.25 ,$1.85 ,$1.95 ,$2.25 ,$2.25 ,$2.25 ,$2.00 ,$2.25 ,$2.25 ,$2.25 ,$2.00 ,$2.00 ,$2.00 ,$2.25 ,$2.25 ,$2.00 ,$2.25 ,$2.45 ,$2.45 ,$2.45 ,$2.25 ,$2.45 ,$2.45 ,$2.00 ,$2.45 ,$2.45 ,$2.25 ,$1.85 ,$2.95 
Homestyle Chicken & Double-Smoked Bacon Panini,11083338,$6.75 ,$6.75 ,$6.75 ,$6.75 ,$6.75 ,$6.75 ,$6.75 ,$6.75 ,$6.75 ,$6.75 ,$6.75 ,$6.75 ,$6.95 ,$6.75 ,$7.65 ,$6.75 ,$6.95 ,$6.95 ,$6.75 ,$6.75 ,$6.75 ,$6.75 ,$6.95 ,$7.65 ,$7.45 ,$7.45 ,$7.45 ,$7.45 ,$7.25 ,$7.45 ,$7.45 ,$7.65 ,$7.45 ,$7.45 ,$6.95 ,$6.75 ,$9.45 
Chicken Caprese Panini,11079835,$6.75 ,$6.75 ,$6.75 ,$6.75 ,$6.75 ,$6.75 ,$6.75 ,$6.75 ,$6.75 ,$6.75 ,$6.75 ,$6.75 ,$6.95 ,$6.75 ,$7.65 ,$6.75 ,$6.95 ,$6.95 ,$6.75 ,$6.75 ,$6.75 ,$6.75 ,$6.95 ,$7.65 ,$7.45 ,$7.45 ,$7.45 ,$7.45 ,$7.25 ,$7.45 ,$7.45 ,$7.65 ,$7.45 ,$7.45 ,$6.95 ,$6.75 ,$9.45 
Chicken Caprese Sandwich,11083340,$6.75 ,$6.75 ,$6.75 ,$6.75 ,$6.75 ,$6.75 ,$6.75 ,$6.75 ,$6.75 ,$6.75 ,$6.75 ,$6.75 ,$6.95 ,$6.75 ,$7.65 ,$6.75 ,$6.95 ,$6.95 ,$6.75 ,$6.75 ,$6.75 ,$6.75 ,$6.95 ,$7.65 ,$7.45 ,$7.45 ,$7.45 ,$7.45 ,$7.25 ,$7.45 ,$7.45 ,$7.65 ,$7.45 ,$7.45 ,$6.95 ,$6.75 ,$9.45 
Chocolate Cake Pop,11039085,$2.45 ,$2.45 ,$2.45 ,$2.45 ,$2.45 ,$2.45 ,$2.45 ,$2.45 ,$2.75 ,$2.45 ,$2.45 ,$2.75 ,$2.75 ,$2.75 ,$2.45 ,$2.45 ,$2.75 ,$2.75 ,$2.45 ,$2.45 ,$2.75 ,$2.75 ,$2.75 ,$2.45 ,$2.45 ,$2.45 ,$2.75 ,$2.75 ,$2.75 ,$2.45 ,$2.75 ,$2.45 ,$2.75 ,$2.75 ,$2.45 ,$2.25 ,$3.65 
Chocolate Chip Cookie,11110086,$2.45 ,$2.45 ,$2.45 ,$2.45 ,$2.45 ,$2.45 ,$2.45 ,$2.45 ,$2.65 ,$2.45 ,$2.45 ,$2.65 ,$2.75 ,$2.65 ,$2.65 ,$2.45 ,$2.75 ,$2.45 ,$2.45 ,$2.45 ,$2.45 ,$2.45 ,$2.75 ,$2.75 ,$2.95 ,$2.95 ,$2.95 ,$2.75 ,$2.95 ,$2.95 ,$2.95 ,$2.65 ,$2.95 ,$2.95 ,$2.65 ,$2.45 ,$3.85 
Chocolate Chunk Cookie,11112621,$2.45 ,$2.45 ,$2.45 ,$2.45 ,$2.45 ,$2.45 ,$2.45 ,$2.45 ,$2.65 ,$2.45 ,$2.45 ,$2.65 ,$2.75 ,$2.65 ,$2.65 ,$2.45 ,$2.75 ,$2.45 ,$2.45 ,$2.45 ,$2.45 ,$2.45 ,$2.75 ,$2.75 ,$2.95 ,$2.95 ,$2.95 ,$2.75 ,$2.95 ,$2.95 ,$2.95 ,$2.65 ,$2.95 ,$2.95 ,$2.65 ,$2.45 ,$3.85 
Chocolate Chunk Muffin,11094738,$2.95 ,$2.95 ,$2.95 ,$2.95 ,$2.95 ,$2.95 ,$2.95 ,$2.95 ,$2.95 ,$2.75 ,$2.95 ,$2.95 ,$2.95 ,$2.95 ,$3.25 ,$2.95 ,$2.95 ,$3.25 ,$2.95 ,$2.95 ,$2.95 ,$2.95 ,$3.45 ,$3.25 ,$2.95 ,$2.95 ,$2.95 ,$2.95 ,$3.45 ,$2.95 ,$2.95 ,$3.25 ,$2.95 ,$2.95 ,$3.25 ,$2.75 ,$4.55 
Chocolate Croissant,11083123,$3.25 ,$3.25 ,$3.25 ,$3.25 ,$3.25 ,$3.25 ,$3.25 ,$3.25 ,$3.75 ,$3.25 ,$3.25 ,$3.75 ,$3.75 ,$3.75 ,$3.45 ,$3.45 ,$3.75 ,$3.95 ,$3.45 ,$3.75 ,$3.75 ,$3.75 ,$3.95 ,$3.45 ,$3.45 ,$3.45 ,$3.45 ,$3.75 ,$3.95 ,$3.75 ,$3.45 ,$3.45 ,$3.45 ,$3.45 ,$3.45 ,$3.25 ,$5.15 
Cinnamon Coffee Cake,11091207,$2.95 ,$2.95 ,$2.95 ,$2.95 ,$2.95 ,$2.95 ,$2.95 ,$2.95 ,$2.95 ,$2.95 ,$2.95 ,$2.95 ,$3.25 ,$2.95 ,$3.25 ,$2.95 ,$3.25 ,$3.25 ,$3.25 ,$3.25 ,$3.25 ,$3.25 ,$3.25 ,$2.95 ,$3.25 ,$3.45 ,$3.45 ,$3.45 ,$3.45 ,$3.25 ,$3.45 ,$3.25 ,$3.45 ,$3.45 ,$2.95 ,$2.95 ,$4.55 
Cinnamon Raisin Bagel,11060626,$1.95 ,$1.95 ,$2.00 ,$1.95 ,$1.95 ,$1.95 ,$1.95 ,$1.95 ,$2.25 ,$1.85 ,$1.95 ,$2.25 ,$2.25 ,$2.25 ,$2.00 ,$2.25 ,$2.25 ,$2.25 ,$2.00 ,$2.00 ,$2.00 ,$2.25 ,$2.25 ,$2.00 ,$2.25 ,$2.45 ,$2.45 ,$2.45 ,$2.25 ,$2.45 ,$2.45 ,$2.00 ,$2.45 ,$2.45 ,$2.25 ,$1.85 ,$2.95 
Classic Oatmeal,11031226,$3.25 ,$3.25 ,$3.45 ,$3.45 ,$3.45 ,$3.25 ,$3.25 ,$3.45 ,$3.25 ,$3.25 ,$3.45 ,$3.45 ,$3.45 ,$3.45 ,$3.45 ,$3.45 ,$3.45 ,$3.45 ,$3.45 ,$3.45 ,$3.45 ,$3.45 ,$3.65 ,$3.45 ,$2.95 ,$3.25 ,$3.25 ,$3.25 ,$3.65 ,$3.25 ,$3.25 ,$3.45 ,$3.25 ,$2.95 ,$3.45 ,$3.25 ,$4.75 
Confetti Sugar Cookie,11085733,$2.75 ,$2.75 ,$2.75 ,$2.75 ,$2.75 ,$2.75 ,$2.75 ,$2.75 ,$2.75 ,$2.75 ,$2.75 ,$2.75 ,$2.75 ,$2.75 ,$2.95 ,$2.75 ,$2.75 ,$2.95 ,$2.75 ,$2.75 ,$2.65 ,$2.65 ,$2.95 ,$2.95 ,$3.25 ,$3.25 ,$3.25 ,$3.25 ,$2.95 ,$3.25 ,$3.25 ,$2.95 ,$3.25 ,$3.25 ,$2.95 ,$2.75 ,$3.85 
Cookie Dough Cake Pop,11056385,$2.45 ,$2.45 ,$2.45 ,$2.45 ,$2.45 ,$2.45 ,$2.45 ,$2.45 ,$2.75 ,$2.45 ,$2.45 ,$2.75 ,$2.75 ,$2.75 ,$2.45 ,$2.45 ,$2.75 ,$2.75 ,$2.45 ,$2.45 ,$2.75 ,$2.75 ,$2.75 ,$2.45 ,$2.45 ,$2.45 ,$2.75 ,$2.75 ,$2.75 ,$2.45 ,$2.75 ,$2.45 ,$2.75 ,$2.75 ,$2.45 ,$2.25 ,$3.65 
Crispy Grilled Cheese,11103767,$5.95 ,$5.95 ,$5.95 ,$5.95 ,$5.95 ,$5.95 ,$5.95 ,$5.95 ,$5.95 ,$5.95 ,$5.95 ,$5.95 ,$5.95 ,$5.95 ,$5.95 ,$5.95 ,$5.95 ,$6.25 ,$5.95 ,$5.95 ,$5.95 ,$5.95 ,$6.25 ,$6.25 ,$0.00 ,$0.00 ,$0.00 ,$0.00 ,$6.25 ,$0.00 ,$0.00 ,$6.95 ,$0.00 ,$0.00 ,$5.95 ,$5.95 ,$8.15 
Double Chocolate Brownie,11088406,$2.95 ,$2.95 ,$2.95 ,$2.95 ,$2.95 ,$2.95 ,$2.95 ,$2.95 ,$3.25 ,$2.95 ,$2.95 ,$3.25 ,$2.95 ,$3.25 ,$3.25 ,$3.25 ,$3.25 ,$3.25 ,$2.95 ,$2.95 ,$3.25 ,$3.25 ,$3.25 ,$2.95 ,$3.25 ,$3.25 ,$3.25 ,$3.25 ,$3.25 ,$3.25 ,$3.45 ,$3.25 ,$3.25 ,$3.25 ,$2.95 ,$2.75 ,$4.25 
"Double-Smoked Bacon, Cheddar & Egg Breakfast Sandwich",11051336,$5.75 ,$5.45 ,$5.45 ,$5.45 ,$5.45 ,$5.45 ,$5.45 ,$5.75 ,$5.45 ,$5.45 ,$5.45 ,$5.75 ,$5.75 ,$5.75 ,$5.45 ,$5.45 ,$5.75 ,$5.75 ,$5.45 ,$5.45 ,$5.45 ,$5.45 ,$5.75 ,$5.45 ,$5.45 ,$5.45 ,$5.45 ,$5.45 ,$5.95 ,$5.45 ,$5.45 ,$5.45 ,$5.45 ,$5.45 ,$5.45 ,$5.25 ,$7.75 
Egg White & Roasted Red Pepper Sous Vide Egg Bites,11067650,$4.65 ,$4.65 ,$4.75 ,$4.65 ,$4.65 ,$4.65 ,$4.65 ,$4.65 ,$4.95 ,$4.65 ,$4.65 ,$4.95 ,$4.95 ,$4.95 ,$4.95 ,$4.75 ,$4.95 ,$4.95 ,$4.75 ,$4.65 ,$4.95 ,$4.75 ,$4.95 ,$4.95 ,$4.95 ,$4.95 ,$4.95 ,$4.95 ,$4.95 ,$5.25 ,$4.95 ,$4.95 ,$4.95 ,$4.95 ,$4.95 ,$4.75 ,$6.45 
Everything Bagel,11100952,$1.95 ,$1.95 ,$2.00 ,$1.95 ,$1.95 ,$1.95 ,$1.95 ,$1.95 ,$2.25 ,$1.85 ,$1.95 ,$2.25 ,$2.25 ,$2.25 ,$2.00 ,$2.25 ,$2.25 ,$2.25 ,$2.00 ,$2.00 ,$2.00 ,$2.25 ,$2.25 ,$2.00 ,$2.25 ,$2.45 ,$2.45 ,$2.45 ,$2.25 ,$2.45 ,$2.45 ,$2.00 ,$2.45 ,$2.45 ,$2.25 ,$1.85 ,$2.95 
Everything Bagel,11106419,$1.95 ,$1.95 ,$2.00 ,$1.95 ,$1.95 ,$1.95 ,$1.95 ,$1.95 ,$2.25 ,$1.85 ,$1.95 ,$2.25 ,$2.25 ,$2.25 ,$2.00 ,$2.25 ,$2.25 ,$2.25 ,$2.00 ,$2.00 ,$2.00 ,$2.25 ,$2.25 ,$2.00 ,$2.25 ,$2.45 ,$2.45 ,$2.45 ,$2.25 ,$2.45 ,$2.45 ,$2.00 ,$2.45 ,$2.45 ,$2.25 ,$1.85 ,$2.95 
Everything Croissant & Roasted Ham Breakfast Sandwich,11106074,$5.75 ,$5.45 ,$5.45 ,$5.45 ,$5.45 ,$5.45 ,$5.45 ,$5.75 ,$5.45 ,$5.45 ,$5.45 ,$5.75 ,$5.75 ,$5.75 ,$5.45 ,$5.45 ,$5.75 ,$5.75 ,$5.45 ,$5.45 ,$5.45 ,$5.45 ,$5.75 ,$5.45 ,$5.45 ,$5.45 ,$5.45 ,$5.45 ,$5.95 ,$5.45 ,$5.45 ,$5.45 ,$5.45 ,$5.45 ,$5.45 ,$5.25 ,$7.75 
Ginger Molasses Cookie,11112622,$2.45 ,$2.45 ,$2.45 ,$2.45 ,$2.45 ,$2.45 ,$2.45 ,$2.45 ,$2.65 ,$2.45 ,$2.45 ,$2.65 ,$2.75 ,$2.65 ,$2.65 ,$2.45 ,$2.75 ,$2.45 ,$2.45 ,$2.45 ,$2.45 ,$2.45 ,$2.75 ,$2.75 ,$2.95 ,$2.95 ,$2.95 ,$2.75 ,$2.95 ,$2.95 ,$2.95 ,$2.65 ,$2.95 ,$2.95 ,$2.65 ,$2.45 ,$3.85 
Gingerbread Loaf,11120269,$3.45 ,$3.45 ,$3.45 ,$3.45 ,$3.45 ,$3.65 ,$3.65 ,$3.45 ,$3.45 ,$3.45 ,$3.45 ,$3.65 ,$3.45 ,$3.65 ,$3.45 ,$3.45 ,$3.65 ,$3.65 ,$3.45 ,$3.45 ,$3.45 ,$3.45 ,$3.65 ,$3.45 ,$3.45 ,$3.75 ,$3.75 ,$3.75 ,$3.85 ,$3.65 ,$3.65 ,$3.45 ,$3.65 ,$3.75 ,$3.45 ,$3.45 ,$5.05 
Glazed Doughnut,11037563,$1.95 ,$1.95 ,$2.25 ,$2.25 ,$1.95 ,$1.95 ,$1.95 ,$2.25 ,$2.25 ,$1.95 ,$2.25 ,$2.25 ,$2.25 ,$2.25 ,$1.95 ,$1.95 ,$2.25 ,$2.25 ,$2.25 ,$2.25 ,$2.25 ,$2.25 ,$2.25 ,$2.25 ,$1.75 ,$1.75 ,$1.75 ,$1.75 ,$2.45 ,$1.75 ,$1.75 ,$1.95 ,$1.75 ,$1.75 ,$2.25 ,$1.95 ,$3.25 
Ham & Swiss Panini,11097818,$6.75 ,$6.75 ,$6.75 ,$6.75 ,$6.75 ,$6.75 ,$6.75 ,$6.75 ,$6.75 ,$6.75 ,$6.75 ,$6.75 ,$6.95 ,$6.75 ,$7.65 ,$6.75 ,$6.95 ,$6.95 ,$6.75 ,$6.75 ,$6.75 ,$6.75 ,$6.95 ,$7.65 ,$7.45 ,$7.45 ,$7.45 ,$7.45 ,$7.25 ,$7.45 ,$7.45 ,$7.65 ,$7.45 ,$7.45 ,$6.95 ,$6.75 ,$9.45 
Ham & Swiss Croissant,11069890,$4.25 ,$4.25 ,$4.25 ,$4.25 ,$3.95 ,$4.25 ,$4.25 ,$4.25 ,$4.25 ,$4.25 ,$4.25 ,$4.25 ,$4.25 ,$4.25 ,$4.25 ,$3.95 ,$4.25 ,$4.25 ,$4.25 ,$4.25 ,$4.25 ,$3.95 ,$4.25 ,$4.25 ,$3.45 ,$3.45 ,$3.45 ,$3.45 ,$4.45 ,$3.45 ,$3.45 ,$4.25 ,$3.45 ,$3.45 ,$4.45 ,$3.75 ,$5.85 
Iced Lemon Loaf,11079227,$3.25 ,$3.25 ,$3.25 ,$3.25 ,$3.25 ,$3.45 ,$3.45 ,$3.25 ,$3.25 ,$3.25 ,$3.25 ,$3.45 ,$3.25 ,$3.45 ,$3.25 ,$3.25 ,$3.45 ,$3.45 ,$3.25 ,$3.25 ,$3.25 ,$3.25 ,$3.45 ,$3.25 ,$3.45 ,$3.75 ,$3.75 ,$3.75 ,$3.65 ,$3.45 ,$3.45 ,$3.25 ,$3.45 ,$3.75 ,$3.25 ,$3.25 ,$4.75 
Impossible™ Breakfast Sandwich,11116469,$5.75 ,$5.45 ,$5.45 ,$5.45 ,$5.45 ,$5.45 ,$5.45 ,$5.75 ,$5.45 ,$5.45 ,$5.45 ,$5.75 ,$5.75 ,$5.75 ,$5.45 ,$5.45 ,$5.75 ,$5.75 ,$5.45 ,$5.45 ,$5.45 ,$5.45 ,$5.75 ,$5.45 ,$5.45 ,$5.45 ,$5.45 ,$5.45 ,$5.95 ,$5.45 ,$5.45 ,$5.45 ,$5.45 ,$5.45 ,$5.45 ,$5.25 ,$7.75 
Kale & Portabella Mushroom Sous Vide Egg Bites,11120688,$4.65 ,$4.65 ,$4.75 ,$4.65 ,$4.65 ,$4.65 ,$4.65 ,$4.65 ,$4.95 ,$4.65 ,$4.65 ,$4.95 ,$4.95 ,$4.95 ,$4.95 ,$4.75 ,$4.95 ,$4.95 ,$4.75 ,$4.65 ,$4.95 ,$4.75 ,$4.95 ,$4.95 ,$4.95 ,$4.95 ,$4.95 ,$4.95 ,$4.95 ,$5.25 ,$4.95 ,$4.95 ,$4.95 ,$4.95 ,$4.95 ,$4.75 ,$6.45 
Iced Lemon Loaf,11114037,$3.25 ,$3.25 ,$3.25 ,$3.25 ,$3.25 ,$3.45 ,$3.45 ,$3.25 ,$3.25 ,$3.25 ,$3.25 ,$3.45 ,$3.25 ,$3.45 ,$3.25 ,$3.25 ,$3.45 ,$3.45 ,$3.25 ,$3.25 ,$3.25 ,$3.25 ,$3.45 ,$3.25 ,$3.45 ,$3.75 ,$3.75 ,$3.75 ,$3.65 ,$3.45 ,$3.45 ,$3.25 ,$3.45 ,$3.75 ,$3.25 ,$3.25 ,$4.75 
Oat Bar,11130862,$0.00 ,$0.00 ,$0.00 ,$0.00 ,$0.00 ,$0.00 ,$0.00 ,$0.00 ,$0.00 ,$0.00 ,$0.00 ,$0.00 ,$0.00 ,$0.00 ,$0.00 ,$0.00 ,$0.00 ,$0.00 ,$0.00 ,$0.00 ,$0.00 ,$0.00 ,$0.00 ,$0.00 ,$2.65 ,$2.65 ,$2.65 ,$2.65 ,$0.00 ,$2.65 ,$2.65 ,$0.00 ,$2.65 ,$2.65 ,$0.00 ,$0.00 ,
Oat Fudge Bar,11047810,$2.75 ,$2.75 ,$2.75 ,$2.75 ,$2.75 ,$2.75 ,$2.75 ,$2.75 ,$2.95 ,$2.75 ,$2.75 ,$2.95 ,$2.95 ,$2.95 ,$2.95 ,$2.75 ,$2.95 ,$2.95 ,$2.95 ,$2.75 ,$2.75 ,$2.75 ,$2.95 ,$2.95 ,$2.95 ,$3.25 ,$2.95 ,$3.25 ,$2.95 ,$3.25 ,$3.25 ,$2.95 ,$2.95 ,$2.95 ,$2.95 ,$2.75 ,$3.85 
Peppermint Brownie Cake Pop,11066734,$2.75 ,$2.75 ,$2.75 ,$2.75 ,$2.75 ,$2.75 ,$2.75 ,$2.75 ,$2.95 ,$2.75 ,$2.75 ,$2.95 ,$2.95 ,$2.95 ,$2.75 ,$2.75 ,$2.95 ,$2.95 ,$2.75 ,$2.75 ,$2.95 ,$2.95 ,$2.95 ,$2.75 ,$2.65 ,$2.75 ,$2.95 ,$2.95 ,$2.95 ,$2.75 ,$2.95 ,$2.75 ,$2.95 ,$2.95 ,$2.75 ,$2.45 ,$3.85 
Petite Vanilla Bean Scone,11037568,$1.25 ,$1.25 ,$1.25 ,$1.25 ,$1.25 ,$1.25 ,$1.25 ,$1.25 ,$1.45 ,$1.25 ,$1.25 ,$1.45 ,$1.45 ,$1.45 ,$1.25 ,$1.25 ,$1.45 ,$1.45 ,$1.45 ,$1.45 ,$1.45 ,$1.45 ,$1.65 ,$1.25 ,$1.45 ,$1.45 ,$1.45 ,$1.45 ,$1.75 ,$1.45 ,$1.45 ,$1.25 ,$1.45 ,$1.45 ,$1.45 ,$1.25 ,$2.35 
Plain Bagel,11054347,$1.95 ,$1.95 ,$2.00 ,$1.95 ,$1.95 ,$1.95 ,$1.95 ,$1.95 ,$2.25 ,$1.85 ,$1.95 ,$2.25 ,$2.25 ,$2.25 ,$2.00 ,$2.25 ,$2.25 ,$2.25 ,$2.00 ,$2.00 ,$2.00 ,$2.25 ,$2.25 ,$2.00 ,$2.25 ,$2.45 ,$2.45 ,$2.45 ,$2.25 ,$2.45 ,$2.45 ,$2.00 ,$2.45 ,$2.45 ,$2.25 ,$1.85 ,$2.95 
Pumpkin Loaf,11039079,$3.25 ,$3.25 ,$3.25 ,$3.25 ,$3.25 ,$3.45 ,$3.45 ,$3.25 ,$3.25 ,$3.25 ,$3.25 ,$3.45 ,$3.25 ,$3.45 ,$3.25 ,$3.25 ,$3.45 ,$3.45 ,$3.25 ,$3.25 ,$3.25 ,$3.25 ,$3.45 ,$3.25 ,$3.45 ,$3.75 ,$3.75 ,$3.75 ,$3.65 ,$3.45 ,$3.45 ,$3.25 ,$3.45 ,$3.75 ,$3.25 ,$3.25 ,$4.75 
Reduced-Fat Bacon-Style Turkey & Cage-Free Egg White Breakfast Sandwich,11096117,$4.25 ,$4.25 ,$4.45 ,$4.45 ,$4.45 ,$4.25 ,$4.25 ,$4.45 ,$4.45 ,$4.25 ,$4.45 ,$4.75 ,$4.45 ,$4.45 ,$4.95 ,$4.45 ,$4.45 ,$4.45 ,$4.45 ,$4.45 ,$4.45 ,$4.45 ,$4.75 ,$4.75 ,$4.65 ,$4.95 ,$4.95 ,$4.95 ,$4.95 ,$4.95 ,$4.95 ,$4.95 ,$4.95 ,$4.95 ,$4.75 ,$4.25 ,$6.45 
"Roasted Ham, Swiss & Egg Breakfast Sandwich",11052570,$5.75 ,$5.45 ,$5.45 ,$5.45 ,$5.45 ,$5.45 ,$5.45 ,$5.75 ,$5.45 ,$5.45 ,$5.45 ,$5.75 ,$5.75 ,$5.75 ,$5.45 ,$5.45 ,$5.75 ,$5.75 ,$5.45 ,$5.45 ,$5.45 ,$5.45 ,$5.75 ,$5.45 ,$5.45 ,$5.45 ,$5.45 ,$5.45 ,$5.95 ,$5.45 ,$5.45 ,$5.45 ,$5.45 ,$5.45 ,$5.45 ,$5.25 ,$7.75 
"Sausage, Cheddar & Egg Breakfast Sandwich",11041857,$4.25 ,$4.25 ,$4.45 ,$4.25 ,$4.25 ,$4.25 ,$4.25 ,$4.25 ,$4.25 ,$3.95 ,$4.25 ,$4.25 ,$4.25 ,$4.25 ,$4.75 ,$4.25 ,$4.25 ,$4.75 ,$4.25 ,$4.45 ,$4.25 ,$4.25 ,$4.75 ,$4.75 ,$4.45 ,$4.65 ,$4.65 ,$4.65 ,$4.75 ,$4.65 ,$4.65 ,$4.75 ,$4.65 ,$4.65 ,$4.75 ,$3.95 ,$6.25 
Sourdough Grilled Cheese,11086415,$5.25 ,$5.25 ,$5.25 ,$5.25 ,$5.25 ,$5.25 ,$5.25 ,$5.25 ,$5.25 ,$5.25 ,$5.25 ,$5.25 ,$5.45 ,$5.25 ,$5.65 ,$5.25 ,$5.45 ,$5.25 ,$5.25 ,$5.25 ,$5.25 ,$5.25 ,$5.25 ,$5.65 ,$5.45 ,$5.65 ,$5.65 ,$5.65 ,$5.55 ,$5.65 ,$5.65 ,$5.65 ,$5.65 ,$5.45 ,$5.45 ,$5.25 ,$7.25 
Southwest Veggie Wrap,11112219,$5.75 ,$5.75 ,$5.75 ,$5.75 ,$5.95 ,$5.75 ,$5.75 ,$5.75 ,$5.95 ,$5.75 ,$5.75 ,$5.95 ,$5.95 ,$5.95 ,$6.25 ,$5.95 ,$5.95 ,$5.95 ,$5.95 ,$5.95 ,$5.95 ,$5.95 ,$6.25 ,$5.95 ,$6.45 ,$6.45 ,$6.45 ,$6.45 ,$6.25 ,$6.45 ,$6.75 ,$5.95 ,$6.75 ,$6.45 ,$5.95 ,$5.75 ,$8.15 
"Spinach, Feta & Egg White Wrap",11041859,$4.25 ,$4.25 ,$4.45 ,$4.45 ,$4.45 ,$4.25 ,$4.25 ,$4.45 ,$4.75 ,$4.25 ,$4.45 ,$4.75 ,$4.45 ,$4.75 ,$4.95 ,$4.75 ,$4.75 ,$4.75 ,$4.45 ,$4.45 ,$4.45 ,$4.75 ,$4.75 ,$4.95 ,$4.95 ,$4.95 ,$4.95 ,$4.95 ,$4.95 ,$4.95 ,$4.95 ,$4.95 ,$4.95 ,$4.95 ,$4.95 ,$4.25 ,$6.45 
Sprouted Grain Bagel,11072835,$1.95 ,$1.95 ,$2.00 ,$1.95 ,$1.95 ,$1.95 ,$1.95 ,$1.95 ,$2.25 ,$1.85 ,$1.95 ,$2.25 ,$2.25 ,$2.25 ,$2.00 ,$2.25 ,$2.25 ,$2.25 ,$2.00 ,$2.00 ,$2.00 ,$2.25 ,$2.25 ,$2.00 ,$2.25 ,$2.45 ,$2.45 ,$2.45 ,$2.25 ,$2.45 ,$2.45 ,$2.00 ,$2.45 ,$2.45 ,$2.25 ,$1.85 ,$2.95 
Sriracha,11050446,$0.00 ,$0.00 ,$0.00 ,$0.00 ,$0.00 ,$0.00 ,$0.00 ,$0.00 ,$0.00 ,$0.00 ,$0.00 ,$0.00 ,$0.00 ,$0.00 ,$0.00 ,$0.00 ,$0.00 ,$0.00 ,$0.00 ,$0.00 ,$0.00 ,$0.00 ,$0.00 ,$0.00 ,$0.00 ,$0.00 ,$0.00 ,$0.00 ,$0.00 ,$0.00 ,$0.00 ,$0.00 ,$0.00 ,$0.00 ,$0.00 ,$0.00 ,$0.00 
Tomato & Mozzarella Panini,11079834,$5.75 ,$5.75 ,$5.95 ,$5.95 ,$5.95 ,$5.75 ,$5.75 ,$5.95 ,$5.95 ,$5.75 ,$5.95 ,$5.95 ,$5.95 ,$6.25 ,$6.75 ,$5.95 ,$5.95 ,$5.95 ,$6.25 ,$6.25 ,$6.25 ,$6.25 ,$5.95 ,$6.75 ,$6.95 ,$6.95 ,$6.95 ,$6.95 ,$6.25 ,$6.95 ,$6.95 ,$6.75 ,$6.95 ,$6.95 ,$6.25 ,$5.75 ,$8.15 
Turkey & Pesto Panini,11079832,$6.45 ,$6.45 ,$6.45 ,$6.45 ,$6.45 ,$6.45 ,$6.45 ,$6.45 ,$6.25 ,$6.45 ,$6.45 ,$6.25 ,$6.45 ,$6.55 ,$6.95 ,$6.45 ,$6.45 ,$6.45 ,$6.55 ,$6.55 ,$6.45 ,$6.45 ,$6.45 ,$6.95 ,$7.45 ,$7.45 ,$7.45 ,$7.45 ,$6.55 ,$7.45 ,$7.45 ,$6.95 ,$7.45 ,$7.45 ,$6.45 ,$6.45 ,$8.55 
"Turkey Bacon, Cheddar & Egg White Breakfast Sandwich",11041854,$4.25 ,$4.25 ,$4.45 ,$4.45 ,$4.45 ,$4.25 ,$4.25 ,$4.45 ,$4.45 ,$4.25 ,$4.45 ,$4.75 ,$4.45 ,$4.45 ,$4.95 ,$4.45 ,$4.45 ,$4.45 ,$4.45 ,$4.45 ,$4.45 ,$4.45 ,$4.75 ,$4.75 ,$4.65 ,$4.95 ,$4.95 ,$4.95 ,$4.95 ,$4.95 ,$4.95 ,$4.95 ,$4.95 ,$4.95 ,$4.75 ,$4.25 ,$6.45 
Unicorn Cake Pop,11125392,$2.75 ,$2.75 ,$2.75 ,$2.75 ,$2.75 ,$2.75 ,$2.75 ,$2.75 ,$2.95 ,$2.75 ,$2.75 ,$2.95 ,$2.95 ,$2.95 ,$2.75 ,$2.75 ,$2.95 ,$2.95 ,$2.75 ,$2.75 ,$2.95 ,$2.95 ,$2.95 ,$2.75 ,$2.65 ,$2.75 ,$2.95 ,$2.95 ,$2.95 ,$2.75 ,$2.95 ,$2.75 ,$2.95 ,$2.95 ,$2.75 ,$2.45 ,$3.85 
Tomato & Mozzarella Sandwich,11054038,$5.75 ,$5.75 ,$5.95 ,$5.95 ,$5.95 ,$5.75 ,$5.75 ,$5.95 ,$5.95 ,$5.75 ,$5.95 ,$5.95 ,$5.95 ,$6.25 ,$6.75 ,$5.95 ,$5.95 ,$5.95 ,$6.25 ,$6.25 ,$6.25 ,$6.25 ,$5.95 ,$6.75 ,$6.95 ,$6.95 ,$6.95 ,$6.95 ,$6.25 ,$6.95 ,$6.95 ,$6.75 ,$6.95 ,$6.95 ,$6.25 ,$5.75 ,$8.15 
Pumpkin Cream Cheese Muffin,11051858,$3.25 ,$3.25 ,$3.25 ,$3.25 ,$3.25 ,$3.45 ,$3.25 ,$3.25 ,$3.25 ,$3.25 ,$3.25 ,$3.25 ,$3.25 ,$3.25 ,$3.45 ,$3.25 ,$3.25 ,$3.45 ,$3.25 ,$3.25 ,$3.25 ,$3.25 ,$3.65 ,$3.45 ,$3.25 ,$3.25 ,$3.25 ,$3.25 ,$3.65 ,$3.25 ,$3.25 ,$3.45 ,$3.25 ,$3.25 ,$3.45 ,$3.25 ,$4.75 
Pumpkin Scone,11106386,$3.25 ,$3.25 ,$3.25 ,$3.25 ,$2.95 ,$3.25 ,$3.25 ,$3.25 ,$3.25 ,$3.25 ,$3.25 ,$3.25 ,$3.25 ,$3.25 ,$3.45 ,$2.95 ,$3.25 ,$3.45 ,$3.25 ,$3.25 ,$3.25 ,$3.25 ,$3.45 ,$3.45 ,$3.25 ,$3.45 ,$3.25 ,$3.25 ,$3.65 ,$3.45 ,$3.45 ,$3.45 ,$3.45 ,$3.25 ,$3.45 ,$3.25 ,$4.75 
Fox Cake Pop,11126692,$2.75 ,$2.75 ,$2.75 ,$2.75 ,$2.75 ,$2.75 ,$2.75 ,$2.75 ,$2.95 ,$2.75 ,$2.75 ,$2.95 ,$2.95 ,$2.95 ,$2.75 ,$2.75 ,$2.95 ,$2.95 ,$2.75 ,$2.75 ,$2.95 ,$2.95 ,$2.95 ,$2.75 ,$2.65 ,$2.75 ,$2.95 ,$2.95 ,$2.95 ,$2.75 ,$2.95 ,$2.75 ,$2.95 ,$2.95 ,$2.75 ,$2.45 ,$3.85 
"Potato, Cheddar & Chive Bakes",,$4.75 ,$4.75 ,$4.95 ,$4.75 ,$4.75 ,$4.75 ,$4.75 ,$4.95 ,$5.25 ,$4.75 ,$4.95 ,$5.25 ,$5.25 ,$5.25 ,$4.95 ,$4.95 ,$5.25 ,$5.25 ,$4.95 ,$4.75 ,$4.95 ,$4.95 ,$5.25 ,$4.95 ,$5.25 ,$5.25 ,$5.25 ,$5.25 ,$5.25 ,$5.25 ,$5.25 ,$4.95 ,$5.25 ,$5.25 ,$4.95 ,$4.85 ,
Pumpkin Loaf,11052854,$3.25 ,$3.25 ,$3.25 ,$3.25 ,$3.25 ,$3.45 ,$3.45 ,$3.25 ,$3.25 ,$3.25 ,$3.25 ,$3.45 ,$3.25 ,$3.45 ,$3.25 ,$3.25 ,$3.45 ,$3.45 ,$3.25 ,$3.25 ,$3.25 ,$3.25 ,$3.45 ,$3.25 ,$3.45 ,$3.75 ,$3.75 ,$3.75 ,$3.65 ,$3.45 ,$3.45 ,$3.25 ,$3.45 ,$3.75 ,$3.25 ,$3.25 ,$4.75 
Fox Sugar Cookie,11128006,$2.75 ,$2.75 ,$2.75 ,$2.75 ,$2.75 ,$2.75 ,$2.75 ,$2.75 ,$2.75 ,$2.75 ,$2.75 ,$2.75 ,$2.75 ,$2.75 ,$2.95 ,$2.75 ,$2.75 ,$2.95 ,$2.75 ,$2.75 ,$2.65 ,$2.65 ,$2.95 ,$2.95 ,$3.25 ,$3.25 ,$3.25 ,$3.25 ,$2.95 ,$3.25 ,$3.25 ,$2.95 ,$3.25 ,$3.25 ,$2.95 ,$2.75 ,$3.85 
Target Bullseye Cake Pop,LS Products CO cannot price,,,,,,,,,,,,,,,,,,,,,,,,,,,,,,,,,,,,,
Target Bullseye Cookie,LS Products CO cannot price,,,,,,,,,,,,,,,,,,,,,,,,,,,,,,,,,,,,,
Reindeer Cake Pop,11128442,$2.75 ,$2.75 ,$2.75 ,$2.75 ,$2.75 ,$2.75 ,$2.75 ,$2.75 ,$2.95 ,$2.75 ,$2.75 ,$2.95 ,$2.95 ,$2.95 ,$2.75 ,$2.75 ,$2.95 ,$2.95 ,$2.75 ,$2.75 ,$2.95 ,$2.95 ,$2.95 ,$2.75 ,$2.65 ,$2.75 ,$2.95 ,$2.95 ,$2.95 ,$2.75 ,$2.95 ,$2.75 ,$2.95 ,$2.95 ,$2.75 ,$2.45 ,$3.85 
Snowman Cookie,11108104,$2.75 ,$2.75 ,$2.75 ,$2.75 ,$2.75 ,$2.75 ,$2.75 ,$2.75 ,$2.75 ,$2.75 ,$2.75 ,$2.75 ,$2.75 ,$2.75 ,$2.95 ,$2.75 ,$2.75 ,$2.95 ,$2.75 ,$2.75 ,$2.65 ,$2.65 ,$2.95 ,$2.95 ,$3.25 ,$3.25 ,$3.25 ,$3.25 ,$2.95 ,$3.25 ,$3.25 ,$2.95 ,$3.25 ,$3.25 ,$2.95 ,$2.75 ,$3.85 
Cranberry Bliss® Bar,11081558,$3.25 ,$3.25 ,$3.25 ,$3.25 ,$3.25 ,$3.25 ,$3.45 ,$3.45 ,$3.25 ,$3.25 ,$3.45 ,$3.25 ,$3.25 ,$3.25 ,$3.65 ,$3.25 ,$3.25 ,$3.25 ,$3.25 ,$3.25 ,$3.25 ,$3.25 ,$3.45 ,$3.45 ,$3.25 ,$3.55 ,$3.25 ,$3.55 ,$3.45 ,$3.55 ,$3.55 ,$3.45 ,$3.25 ,$3.25 ,$3.25 ,$3.25 ,$4.55 
Sugar Plum Cheese Danish,11091676,$3.45 ,$3.45 ,$3.45 ,$3.45 ,$3.45 ,$3.45 ,$3.45 ,$3.45 ,$3.45 ,$3.25 ,$3.45 ,$3.45 ,$3.45 ,$3.45 ,$3.45 ,$3.45 ,$3.65 ,$3.65 ,$3.45 ,$3.45 ,$3.45 ,$3.45 ,$3.65 ,$3.45 ,$3.25 ,$3.25 ,$3.25 ,$3.25 ,$3.65 ,$3.25 ,$3.25 ,$3.45 ,$3.25 ,$3.25 ,$3.65 ,$3.25 ,$4.75 
Gingerbread Loaf,11120269,$3.25 ,$3.25 ,$3.25 ,$3.25 ,$3.25 ,$3.45 ,$3.45 ,$3.25 ,$3.25 ,$3.25 ,$3.25 ,$3.45 ,$3.25 ,$3.45 ,$3.25 ,$3.25 ,$3.45 ,$3.45 ,$3.25 ,$3.25 ,$3.25 ,$3.25 ,$3.45 ,$3.25 ,$3.45 ,$3.75 ,$3.75 ,$3.75 ,$3.65 ,$3.45 ,$3.45 ,$3.25 ,$3.45 ,$3.75 ,$3.25 ,$3.25 ,$5.05 
Peppermint Brownie Cake Pop,11066734,$2.75 ,$2.75 ,$2.75 ,$2.75 ,$2.75 ,$2.75 ,$2.75 ,$2.75 ,$2.95 ,$2.75 ,$2.75 ,$2.95 ,$2.95 ,$2.95 ,$2.75 ,$2.75 ,$2.95 ,$2.95 ,$2.75 ,$2.75 ,$2.95 ,$2.95 ,$2.95 ,$2.75 ,$2.65 ,$2.75 ,$2.95 ,$2.95 ,$2.95 ,$2.75 ,$2.95 ,$2.75 ,$2.95 ,$2.95 ,$2.75 ,$2.45 ,$3.85 
Frosted Snowman Cookie,11108105,$2.75 ,$2.75 ,$2.75 ,$2.75 ,$2.75 ,$2.75 ,$2.75 ,$2.75 ,$2.75 ,$2.75 ,$2.75 ,$2.75 ,$2.75 ,$2.75 ,$2.95 ,$2.75 ,$2.75 ,$2.95 ,$2.75 ,$2.75 ,$2.65 ,$2.65 ,$2.95 ,$2.95 ,$3.25 ,$3.25 ,$3.25 ,$3.25 ,$2.95 ,$3.25 ,$3.25 ,$2.95 ,$3.25 ,$3.25 ,$2.95 ,$2.75 ,$3.85 
Cranberry Bliss® Bar,11081559,$3.25 ,$3.25 ,$3.25 ,$3.25 ,$3.25 ,$3.25 ,$3.45 ,$3.45 ,$3.25 ,$3.25 ,$3.45 ,$3.25 ,$3.25 ,$3.25 ,$3.65 ,$3.25 ,$3.25 ,$3.25 ,$3.25 ,$3.25 ,$3.25 ,$3.25 ,$3.45 ,$3.45 ,$3.25 ,$3.55 ,$3.25 ,$3.55 ,$3.45 ,$3.55 ,$3.55 ,$3.45 ,$3.25 ,$3.25 ,$3.25 ,$3.25 ,$4.55 
